<?xml version="1.0" encoding="UTF-8"?><rss version="2.0"
	xmlns:content="http://purl.org/rss/1.0/modules/content/"
	xmlns:wfw="http://wellformedweb.org/CommentAPI/"
	xmlns:dc="http://purl.org/dc/elements/1.1/"
	xmlns:atom="http://www.w3.org/2005/Atom"
	xmlns:sy="http://purl.org/rss/1.0/modules/syndication/"
	xmlns:slash="http://purl.org/rss/1.0/modules/slash/"
	>

<channel>
	<title>Prodotti &#8211; woocommerce1</title>
	<atom:link href="http://localhost/woocommerce1/negozio/feed/?simply_static_page=57" rel="self" type="application/rss+xml" />
	<link></link>
	<description></description>
	<lastBuildDate>Mon, 20 Mar 2023 13:28:28 +0000</lastBuildDate>
	<language>it-IT</language>
	<sy:updatePeriod>
	hourly	</sy:updatePeriod>
	<sy:updateFrequency>
	1	</sy:updateFrequency>
	<generator>https://wordpress.org/?v=6.1.1</generator>
	<item>
		<title>Dermaroller Viso Anti età E Smagliature</title>
		<link>/prodotto/hoodie-with-logo-2/</link>
					<comments>/prodotto/hoodie-with-logo-2/#respond</comments>
		
		<dc:creator><![CDATA[samuele]]></dc:creator>
		<pubDate>Mon, 20 Mar 2023 13:22:55 +0000</pubDate>
				<guid isPermaLink="false">/prodotto/hoodie-with-logo-2/</guid>

					<description><![CDATA[Dermaroller per tutti i tipi di pelle, utile contrastare le rughe e le smagliature.

Svolge una funzione anti età]]></description>
										<content:encoded><![CDATA[<ul class="a-unordered-list a-vertical a-spacing-mini">
<li><span class="a-list-item"><img src="https://s.w.org/images/core/emoji/14.0.0/72x72/2705.png" alt="✅" class="wp-smiley" style="height: 1em; max-height: 1em;" /> 6 IN 1 dermaroller kit per viso e corpo: promuovi la pelle dall&#8217;aspetto sano con questo rullo derma di qualità con tecnologia microneedle. Include quattro testine del rullo derma sostituibili, una spazzola in silicone, un bacino di disinfezione e una custodia per soddisfare le diverse esigenze di trattamento della pelle. Microneedles facilita l&#8217;esfoliazione, migliora l&#8217;aspetto della pelle con un aspetto luminoso e dona alla pelle un aspetto più liscio.</span></li>
<li><span class="a-list-item"><img src="https://s.w.org/images/core/emoji/14.0.0/72x72/2705.png" alt="✅" class="wp-smiley" style="height: 1em; max-height: 1em;" />Dermaroller di alta qualità: Il dermaroller 6-IN-1 è certificato CE e ROHS. È possibile cambiare quattro diverse teste dell&#8217;ago a seconda del trattamento. Non invasivo, sicuro e indolore da usare a casa.</span></li>
<li><span class="a-list-item"><img src="https://s.w.org/images/core/emoji/14.0.0/72x72/2705.png" alt="✅" class="wp-smiley" style="height: 1em; max-height: 1em;" /> Testine micro-aghi multifunzione: 1200 aghi / 1,0 mm per l&#8217;uso sul corpo, 720 aghi / 0,5 mm per l&#8217;uso sul viso, 300 aghi / 0,25 mm per l&#8217;uso sugli occhi, 12 aghi / 2,0 mm per uso topico. Questo kit può essere utilizzato in tutte le parti del tuo corpo. Ricordarsi di disinfettare con alcol prima di ogni utilizzo.</span></li>
<li><span class="a-list-item"><img src="https://s.w.org/images/core/emoji/14.0.0/72x72/2705.png" alt="✅" class="wp-smiley" style="height: 1em; max-height: 1em;" /> Perfetto per la cura della pelle: Inizia da microneedle 0,25 mm che agisce sull&#8217;epidermide della pelle. Deve essere delicato durante l&#8217;operazione iniziale e la pelle deve essere adattata da leggera a pesante, aumentando lentamente il numero e l&#8217;intensità del rotolamento. Abbina questo kit dermaroller alla tua crema o siero di bellezza preferito, come il siero di vitamina C o il siero di acido ialuronico per i migliori risultati.</span></li>
<li><span class="a-list-item"><img src="https://s.w.org/images/core/emoji/14.0.0/72x72/2705.png" alt="✅" class="wp-smiley" style="height: 1em; max-height: 1em;" /> Fiducia e garanzia: 100% 30 giorni di garanzia soddisfatti o rimborsati insieme alle nostre istruzioni professionali che ti insegnano come utilizzare efficacemente questo kit di derma roller 6 in 1. Amazon ha soddisfatto tutti i nostri prodotti. Se avete domande, vi preghiamo di contattarci senza esitazione, il vostro piacere e soddisfazione è la nostra promessa a voi!</span></li>
</ul>
<p>Hoodie in sweatshirt fabric made from a cotton blend.</p>
]]></content:encoded>
					
					<wfw:commentRss>/prodotto/hoodie-with-logo-2/feed/</wfw:commentRss>
			<slash:comments>0</slash:comments>
		
		
			</item>
	</channel>
</rss>
